benchmark_version,benchmark_id,category,scenario,seed,quality_preset,preset_label,preset_role,expected_use_case,movement_model,cafeteria_id,source_mix,simulation_population_scale,target_arrivals,stress_level,num_windows,num_seats,duration_min,total_arrived,throughput,total_left,avg_wait,avg_queue_wait,avg_seat_wait,peak_queue,peak_waiting_for_seat,window_utilization,seat_utilization,bottleneck_type,avg_walking_time,movement_conflict_count,avg_stuck_ticks,max_density,realism_score,spatial_signal_score,behavior_coupling_score,congestion_response_score,arrival_fairness_score,runtime_penalty_score,runtime_sec,runtime_per_arrival_ms,arrival_stream_hash,arrival_series_json
2026-06-13-movement-baseline-v2,stress_single_cafeteria_0300:7201,stress,stress_single_cafeteria_0300,7201,fast,快速 Fast,high_speed_baseline,批量实验、参数搜索、课堂演示,path,synthetic,manual_poisson_target,1.0,300,stress_0300,8,240,60,287,287,287,2.02,0.02,1.0,2,0,0.5053,0.1374,运行平衡,0.0,0,0.0,0,13.21,0.0,0.0,3.21,10.0,0.0,0.3802,1.32,a4b9d5114c7dc9ee,"[7,8,3,4,6,1,6,1,8,6,3,1,3,8,2,6,4,4,8,3,10,7,5,6,3,4,6,6,5,8,3,1,3,2,5,4,4,3,6,5,9,4,3,7,4,5,7,8,0,9,2,7,3,6,5,2,5,3,5,5]"
2026-06-13-movement-baseline-v2,stress_single_cafeteria_0300:7201,stress,stress_single_cafeteria_0300,7201,balanced,平衡 Balanced,geometry_aware_baseline,常规实验报告、较大规模场景,static_floor_field,synthetic,manual_poisson_target,1.0,300,stress_0300,8,240,60,287,287,287,2.15,0.11,1.03,3,0,0.5053,0.1391,运行平衡,0.0,0,0.0,0,26.46,0.0,12.0,4.46,10.0,0.0,3.3525,11.68,a4b9d5114c7dc9ee,"[7,8,3,4,6,1,6,1,8,6,3,1,3,8,2,6,4,4,8,3,10,7,5,6,3,4,6,6,5,8,3,1,3,2,5,4,4,3,6,5,9,4,3,7,4,5,7,8,0,9,2,7,3,6,5,2,5,3,5,5]"
2026-06-13-movement-baseline-v2,stress_single_cafeteria_0300:7201,stress,stress_single_cafeteria_0300,7201,quality,质量 Quality,spatially_coupled_ca,真实性评估、小规模精细分析、拥堵热点研究,advanced_floor_field,synthetic,manual_poisson_target,1.0,300,stress_0300,8,240,60,287,287,287,14.07,7.64,5.44,5,0,0.4124,0.1123,运行平衡,599.34,1970,4.56,8,81.34,35.0,25.0,11.63,10.0,0.29,12.4868,43.51,a4b9d5114c7dc9ee,"[7,8,3,4,6,1,6,1,8,6,3,1,3,8,2,6,4,4,8,3,10,7,5,6,3,4,6,6,5,8,3,1,3,2,5,4,4,3,6,5,9,4,3,7,4,5,7,8,0,9,2,7,3,6,5,2,5,3,5,5]"
2026-06-13-movement-baseline-v2,stress_single_cafeteria_0800:7201,stress,stress_single_cafeteria_0800,7201,fast,快速 Fast,high_speed_baseline,批量实验、参数搜索、课堂演示,path,synthetic,manual_poisson_target,1.0,800,stress_0800,8,441,60,826,826,826,22.98,20.94,1.04,346,0,0.9057,0.133,窗口服务,0.0,0,0.0,0,30.0,0.0,0.0,20.0,10.0,0.0,1.3465,1.63,af4ae4e13f3dc672,"[14,12,12,10,12,8,17,13,8,18,14,14,18,10,13,12,19,15,17,6,14,11,15,6,15,15,10,15,15,8,21,13,20,15,16,14,19,7,11,11,18,21,22,6,16,15,19,15,16,11,15,10,12,9,16,13,16,16,12,15]"
2026-06-13-movement-baseline-v2,stress_single_cafeteria_0800:7201,stress,stress_single_cafeteria_0800,7201,balanced,平衡 Balanced,geometry_aware_baseline,常规实验报告、较大规模场景,static_floor_field,synthetic,manual_poisson_target,1.0,800,stress_0800,8,441,60,826,826,826,23.06,20.94,1.12,346,0,0.9057,0.1325,窗口服务,0.0,0,0.0,0,42.0,0.0,12.0,20.0,10.0,0.0,12.799,15.5,af4ae4e13f3dc672,"[14,12,12,10,12,8,17,13,8,18,14,14,18,10,13,12,19,15,17,6,14,11,15,6,15,15,10,15,15,8,21,13,20,15,16,14,19,7,11,11,18,21,22,6,16,15,19,15,16,11,15,10,12,9,16,13,16,16,12,15]"
2026-06-13-movement-baseline-v2,stress_single_cafeteria_1500:7201,stress,stress_single_cafeteria_1500,7201,fast,快速 Fast,high_speed_baseline,批量实验、参数搜索、课堂演示,path,synthetic,manual_poisson_target,1.0,1500,stress_1500,15,826,60,1553,1553,1553,24.52,22.5,1.02,653,0,0.9003,0.1306,窗口服务,0.0,0,0.0,0,30.0,0.0,0.0,20.0,10.0,0.0,4.02,2.59,103d2a54081f9e20,"[29,27,19,31,30,28,21,22,32,28,33,22,31,23,32,31,31,30,24,18,16,31,35,23,33,19,25,24,28,26,24,30,28,32,29,24,23,22,20,31,31,21,26,25,21,20,20,33,21,27,24,20,21,36,32,19,23,18,29,21]"
2026-06-13-movement-baseline-v2,stress_single_cafeteria_1500:7201,stress,stress_single_cafeteria_1500,7201,balanced,平衡 Balanced,geometry_aware_baseline,常规实验报告、较大规模场景,static_floor_field,synthetic,manual_poisson_target,1.0,1500,stress_1500,15,826,60,1553,1553,1553,24.63,22.5,1.13,653,0,0.9003,0.1305,窗口服务,0.0,0,0.0,0,42.0,0.0,12.0,20.0,10.0,0.0,34.4432,22.18,103d2a54081f9e20,"[29,27,19,31,30,28,21,22,32,28,33,22,31,23,32,31,31,30,24,18,16,31,35,23,33,19,25,24,28,26,24,30,28,32,29,24,23,22,20,31,31,21,26,25,21,20,20,33,21,27,24,20,21,36,32,19,23,18,29,21]"
2026-06-13-movement-baseline-v2,stress_single_cafeteria_3000:7201,stress,stress_single_cafeteria_3000,7201,fast,快速 Fast,high_speed_baseline,批量实验、参数搜索、课堂演示,path,synthetic,manual_poisson_target,1.0,3000,stress_3000,30,1651,60,3018,3018,3018,22.43,20.41,1.01,1218,0,0.8903,0.1287,窗口服务,0.0,0,0.0,0,30.0,0.0,0.0,20.0,10.0,0.0,14.2461,4.72,119512e2dd40f56c,"[50,38,47,55,46,56,43,53,57,61,46,69,55,52,40,56,56,63,43,48,43,48,46,45,43,41,53,45,48,43,48,52,49,50,59,51,49,61,62,44,54,62,50,53,51,48,54,55,54,51,45,64,47,28,44,47,45,57,46,49]"
2026-06-13-movement-baseline-v2,stress_single_cafeteria_3000:7201,stress,stress_single_cafeteria_3000,7201,balanced,平衡 Balanced,geometry_aware_baseline,常规实验报告、较大规模场景,static_floor_field,synthetic,manual_poisson_target,1.0,3000,stress_3000,30,1651,60,3018,3018,3018,22.55,20.42,1.14,1218,0,0.8903,0.1293,窗口服务,0.0,0,0.0,0,42.0,0.0,12.0,20.0,10.0,0.0,116.8954,38.73,119512e2dd40f56c,"[50,38,47,55,46,56,43,53,57,61,46,69,55,52,40,56,56,63,43,48,43,48,46,45,43,41,53,45,48,43,48,52,49,50,59,51,49,61,62,44,54,62,50,53,51,48,54,55,54,51,45,64,47,28,44,47,45,57,46,49]"
